"codigo","nombre","seleccion","tipo","seccion","orden_original","lo_tengo","repetidos","wishlist"
"00","Logo Panini - We Are Panini","Especial","FOIL","Introducción","0","FALSE","0","False"
"FWC1","Emblema Oficial","Especial","FOIL","Introducción","1","FALSE","1","False"
"FWC2","Emblema Oficial","Especial","FOIL","Introducción","2","FALSE","0","False"
"FWC3","Mascotas Oficiales","Especial","FOIL","Introducción","3","FALSE","0","False"
"FWC4","Eslogan Oficial","Especial","FOIL","Introducción","4","FALSE","0","False"
"FWC5","Balón Oficial","Especial","FOIL","Introducción","5","FALSE","0","False"
"FWC6","Canadá - Países y Ciudades Anfitrionas","Especial","FOIL","Introducción","6","FALSE","0","False"
"FWC7","México - Países y Ciudades Anfitrionas","Especial","FOIL","Introducción","7","FALSE","0","False"
"FWC8","EE. UU. - Países y Ciudades Anfitrionas","Especial","FOIL","Introducción","8","FALSE","0","False"
"MEX1","Escudo del equipo","México","FOIL","Selecciones","9","FALSE","0","False"
"MEX2","Luis Malagón","México","Base","Selecciones","10","FALSE","0","False"
"MEX3","Johan Vásquez","México","Base","Selecciones","11","FALSE","0","False"
"MEX4","Jorge Sánchez","México","Base","Selecciones","12","FALSE","0","False"
"MEX5","César Montes","México","Base","Selecciones","13","FALSE","0","False"
"MEX6","Jesús Gallardo","México","Base","Selecciones","14","FALSE","0","False"
"MEX7","Israel Reyes","México","Base","Selecciones","15","FALSE","0","False"
"MEX8","Diego Lainez","México","Base","Selecciones","16","FALSE","0","False"
"MEX9","Carlos Rodríguez","México","Base","Selecciones","17","FALSE","0","False"
"MEX10","Edson Álvarez","México","Base","Selecciones","18","FALSE","0","False"
"MEX11","Orbelín Pineda","México","Base","Selecciones","19","FALSE","0","False"
"MEX12","Marcel Ruiz","México","Base","Selecciones","20","FALSE","0","False"
"MEX13","Foto de equipo","México","Base","Selecciones","21","FALSE","0","False"
"MEX14","Érick Sánchez","México","Base","Selecciones","22","FALSE","0","False"
"MEX15","Hirving Lozano","México","Base","Selecciones","23","FALSE","0","False"
"MEX16","Santiago Giménez","México","Base","Selecciones","24","FALSE","0","False"
"MEX17","Raúl Jiménez","México","Base","Selecciones","25","FALSE","0","False"
"MEX18","Alexis Vega","México","Base","Selecciones","26","FALSE","0","False"
"MEX19","Roberto Alvarado","México","Base","Selecciones","27","FALSE","0","False"
"MEX20","César Huerta","México","Base","Selecciones","28","FALSE","0","False"
"RSA1","Escudo del equipo","Sudáfrica","FOIL","Selecciones","29","FALSE","0","False"
"RSA2","Ronwen Williams","Sudáfrica","Base","Selecciones","30","FALSE","0","False"
"RSA3","Sipho Chaine","Sudáfrica","Base","Selecciones","31","FALSE","0","False"
"RSA4","Aubrey Modiba","Sudáfrica","Base","Selecciones","32","FALSE","0","False"
"RSA5","Samukele Kabini","Sudáfrica","Base","Selecciones","33","FALSE","0","False"
"RSA6","Mbekezeli Mbokazi","Sudáfrica","Base","Selecciones","34","FALSE","0","False"
"RSA7","Khulumani Ndamane","Sudáfrica","Base","Selecciones","35","FALSE","0","False"
"RSA8","Siyabonga Ngezana","Sudáfrica","Base","Selecciones","36","FALSE","0","False"
"RSA9","Khuliso Mudau","Sudáfrica","Base","Selecciones","37","FALSE","0","False"
"RSA10","Nkosinathi Sibisi","Sudáfrica","Base","Selecciones","38","FALSE","0","False"
"RSA11","Teboho Mokoena","Sudáfrica","Base","Selecciones","39","FALSE","0","False"
"RSA12","Thalente Mbatha","Sudáfrica","Base","Selecciones","40","FALSE","0","False"
"RSA13","Foto de equipo","Sudáfrica","Base","Selecciones","41","FALSE","0","False"
"RSA14","Bathusi Aubaas","Sudáfrica","Base","Selecciones","42","FALSE","0","False"
"RSA15","Yaya Sithole","Sudáfrica","Base","Selecciones","43","FALSE","0","False"
"RSA16","Sipho Mbule","Sudáfrica","Base","Selecciones","44","FALSE","0","False"
"RSA17","Lyle Foster","Sudáfrica","Base","Selecciones","45","FALSE","0","False"
"RSA18","Iqraam Rayners","Sudáfrica","Base","Selecciones","46","FALSE","0","False"
"RSA19","Mohau Nkota","Sudáfrica","Base","Selecciones","47","FALSE","0","False"
"RSA20","Oswin Appollis","Sudáfrica","Base","Selecciones","48","FALSE","0","False"
"KOR1","Escudo del equipo","Corea del Sur","FOIL","Selecciones","49","FALSE","0","False"
"KOR2","Jo Hyeon-woo","Corea del Sur","Base","Selecciones","50","FALSE","0","False"
"KOR3","Kim Seung-gyu","Corea del Sur","Base","Selecciones","51","FALSE","0","False"
"KOR4","Kim Min-jae","Corea del Sur","Base","Selecciones","52","FALSE","0","False"
"KOR5","Cho Yu-min","Corea del Sur","Base","Selecciones","53","FALSE","0","False"
"KOR6","Seol Young-woo","Corea del Sur","Base","Selecciones","54","FALSE","0","False"
"KOR7","Lee Han-beom","Corea del Sur","Base","Selecciones","55","FALSE","0","False"
"KOR8","Lee Tae-seok","Corea del Sur","Base","Selecciones","56","FALSE","0","False"
"KOR9","Lee Myung-jae","Corea del Sur","Base","Selecciones","57","FALSE","0","False"
"KOR10","Lee Jae-sung","Corea del Sur","Base","Selecciones","58","FALSE","0","False"
"KOR11","Hwang In-beom","Corea del Sur","Base","Selecciones","59","FALSE","0","False"
"KOR12","Lee Kang-in","Corea del Sur","Base","Selecciones","60","FALSE","0","False"
"KOR13","Foto de equipo","Corea del Sur","Base","Selecciones","61","FALSE","0","False"
"KOR14","Paik Seung-ho","Corea del Sur","Base","Selecciones","62","FALSE","0","False"
"KOR15","Jens Castrop","Corea del Sur","Base","Selecciones","63","FALSE","0","False"
"KOR16","Lee Dong-gyeong","Corea del Sur","Base","Selecciones","64","FALSE","0","False"
"KOR17","Cho Gue-sung","Corea del Sur","Base","Selecciones","65","FALSE","0","False"
"KOR18","Son Heung-min","Corea del Sur","Base","Selecciones","66","FALSE","0","False"
"KOR19","Hwang Hee-chan","Corea del Sur","Base","Selecciones","67","FALSE","0","False"
"KOR20","Oh Hyeon-gyu","Corea del Sur","Base","Selecciones","68","FALSE","0","False"
"CZE1","Escudo del equipo","Chequia","FOIL","Selecciones","69","FALSE","0","False"
"CZE2","Matej Kovar","Chequia","Base","Selecciones","70","FALSE","0","False"
"CZE3","Jindrich Stanek","Chequia","Base","Selecciones","71","FALSE","0","False"
"CZE4","Ladislav Krejci","Chequia","Base","Selecciones","72","FALSE","0","False"
"CZE5","Vladimir Coufal","Chequia","Base","Selecciones","73","FALSE","0","False"
"CZE6","Jaroslav Zeleny","Chequia","Base","Selecciones","74","FALSE","0","False"
"CZE7","Tomas Holes","Chequia","Base","Selecciones","75","FALSE","0","False"
"CZE8","David Zima","Chequia","Base","Selecciones","76","FALSE","0","False"
"CZE9","Michal Sadilek","Chequia","Base","Selecciones","77","FALSE","0","False"
"CZE10","Lukas Provod","Chequia","Base","Selecciones","78","FALSE","0","False"
"CZE11","Lukas Cerv","Chequia","Base","Selecciones","79","FALSE","0","False"
"CZE12","Tomas Soucek","Chequia","Base","Selecciones","80","FALSE","0","False"
"CZE13","Foto de equipo","Chequia","Base","Selecciones","81","FALSE","0","False"
"CZE14","Pavel Sulc","Chequia","Base","Selecciones","82","FALSE","0","False"
"CZE15","Matej Vydra","Chequia","Base","Selecciones","83","FALSE","0","False"
"CZE16","Vasil Kusej","Chequia","Base","Selecciones","84","FALSE","0","False"
"CZE17","Tomas Chory","Chequia","Base","Selecciones","85","FALSE","0","False"
"CZE18","Vaclav Cerny","Chequia","Base","Selecciones","86","FALSE","0","False"
"CZE19","Adam Hlozek","Chequia","Base","Selecciones","87","FALSE","0","False"
"CZE20","Patrik Schick","Chequia","Base","Selecciones","88","FALSE","0","False"
"CAN1","Escudo del equipo","Canadá","FOIL","Selecciones","89","FALSE","0","False"
"CAN2","Dayne St. Clair","Canadá","Base","Selecciones","90","FALSE","0","False"
"CAN3","Alphonso Davies","Canadá","Base","Selecciones","91","FALSE","0","False"
"CAN4","Alistair Johnston","Canadá","Base","Selecciones","92","FALSE","0","False"
"CAN5","Samuel Adekugbe","Canadá","Base","Selecciones","93","FALSE","0","False"
"CAN6","Richie Laryea","Canadá","Base","Selecciones","94","FALSE","0","False"
"CAN7","Derek Cornelius","Canadá","Base","Selecciones","95","FALSE","0","False"
"CAN8","Moïse Bombito","Canadá","Base","Selecciones","96","FALSE","0","False"
"CAN9","Kamal Miller","Canadá","Base","Selecciones","97","FALSE","0","False"
"CAN10","Stephen Eustáquio","Canadá","Base","Selecciones","98","FALSE","0","False"
"CAN11","Ismaël Koné","Canadá","Base","Selecciones","99","FALSE","0","False"
"CAN12","Jonathan Osorio","Canadá","Base","Selecciones","100","FALSE","0","False"
"CAN13","Foto de equipo","Canadá","Base","Selecciones","101","FALSE","0","False"
"CAN14","Jacob Shaffelburg","Canadá","Base","Selecciones","102","FALSE","0","False"
"CAN15","Mathieu Choinière","Canadá","Base","Selecciones","103","FALSE","0","False"
"CAN16","Niko Sigur","Canadá","Base","Selecciones","104","FALSE","0","False"
"CAN17","Tajon Buchanan","Canadá","Base","Selecciones","105","FALSE","0","False"
"CAN18","Liam Millar","Canadá","Base","Selecciones","106","FALSE","0","False"
"CAN19","Cyle Larin","Canadá","Base","Selecciones","107","FALSE","0","False"
"CAN20","Jonathan David","Canadá","Base","Selecciones","108","FALSE","0","False"
"BIH1","Escudo del equipo","Bosnia y Herzegovina","FOIL","Selecciones","109","FALSE","0","False"
"BIH2","Nikola Vasilj","Bosnia y Herzegovina","Base","Selecciones","110","FALSE","0","False"
"BIH3","Amer Dedic","Bosnia y Herzegovina","Base","Selecciones","111","FALSE","0","False"
"BIH4","Sead Kolasinac","Bosnia y Herzegovina","Base","Selecciones","112","FALSE","0","False"
"BIH5","Tarik Muharemovic","Bosnia y Herzegovina","Base","Selecciones","113","FALSE","0","False"
"BIH6","Nihad Mujakic","Bosnia y Herzegovina","Base","Selecciones","114","FALSE","0","False"
"BIH7","Nikola Katic","Bosnia y Herzegovina","Base","Selecciones","115","FALSE","0","False"
"BIH8","Amir Hadziahmetovic","Bosnia y Herzegovina","Base","Selecciones","116","FALSE","0","False"
"BIH9","Benjamin Tahirovic","Bosnia y Herzegovina","Base","Selecciones","117","FALSE","0","False"
"BIH10","Armin Gigovic","Bosnia y Herzegovina","Base","Selecciones","118","FALSE","0","False"
"BIH11","Ivan Sunjic","Bosnia y Herzegovina","Base","Selecciones","119","FALSE","0","False"
"BIH12","Ivan Basic","Bosnia y Herzegovina","Base","Selecciones","120","FALSE","0","False"
"BIH13","Foto de equipo","Bosnia y Herzegovina","Base","Selecciones","121","FALSE","0","False"
"BIH14","Dzenis Burnic","Bosnia y Herzegovina","Base","Selecciones","122","FALSE","0","False"
"BIH15","Esmir Bajraktarevic","Bosnia y Herzegovina","Base","Selecciones","123","FALSE","0","False"
"BIH16","Amar Memic","Bosnia y Herzegovina","Base","Selecciones","124","FALSE","0","False"
"BIH17","Ermedin Demirovic","Bosnia y Herzegovina","Base","Selecciones","125","FALSE","0","False"
"BIH18","Edin Dzeko","Bosnia y Herzegovina","Base","Selecciones","126","FALSE","0","False"
"BIH19","Samed Bazdar","Bosnia y Herzegovina","Base","Selecciones","127","FALSE","0","False"
"BIH20","Haris Tabakovic","Bosnia y Herzegovina","Base","Selecciones","128","FALSE","0","False"
"QAT1","Escudo del equipo","Catar","FOIL","Selecciones","129","FALSE","0","False"
"QAT2","Meshaal Barsham","Catar","Base","Selecciones","130","FALSE","0","False"
"QAT3","Sultan Albrake","Catar","Base","Selecciones","131","FALSE","0","False"
"QAT4","Lucas Mendes","Catar","Base","Selecciones","132","FALSE","0","False"
"QAT5","Homam Ahmed","Catar","Base","Selecciones","133","FALSE","0","False"
"QAT6","Boualem Khoukhi","Catar","Base","Selecciones","134","FALSE","0","False"
"QAT7","Pedro Miguel","Catar","Base","Selecciones","135","FALSE","0","False"
"QAT8","Tarek Salman","Catar","Base","Selecciones","136","FALSE","0","False"
"QAT9","Mohamed Al-Mannai","Catar","Base","Selecciones","137","FALSE","0","False"
"QAT10","Karim Boudiaf","Catar","Base","Selecciones","138","FALSE","0","False"
"QAT11","Assim Madibo","Catar","Base","Selecciones","139","FALSE","0","False"
"QAT12","Ahmed Fatehi","Catar","Base","Selecciones","140","FALSE","0","False"
"QAT13","Foto de equipo","Catar","Base","Selecciones","141","FALSE","0","False"
"QAT14","Mohammed Waad","Catar","Base","Selecciones","142","FALSE","0","False"
"QAT15","Abdulaziz Hatem","Catar","Base","Selecciones","143","FALSE","0","False"
"QAT16","Hassan Al-Haydos","Catar","Base","Selecciones","144","FALSE","0","False"
"QAT17","Edmilson Junior","Catar","Base","Selecciones","145","FALSE","0","False"
"QAT18","Akram Afif","Catar","Base","Selecciones","146","FALSE","0","False"
"QAT19","Ahmed Al-Ganehi","Catar","Base","Selecciones","147","FALSE","0","False"
"QAT20","Almoez Ali","Catar","Base","Selecciones","148","FALSE","0","False"
"SUI1","Escudo del equipo","Suiza","FOIL","Selecciones","149","FALSE","0","False"
"SUI2","Gregor Kobel","Suiza","Base","Selecciones","150","FALSE","0","False"
"SUI3","Yvon Mvogo","Suiza","Base","Selecciones","151","FALSE","0","False"
"SUI4","Manuel Akanji","Suiza","Base","Selecciones","152","FALSE","0","False"
"SUI5","Ricardo Rodríguez","Suiza","Base","Selecciones","153","FALSE","0","False"
"SUI6","Nico Elvedi","Suiza","Base","Selecciones","154","FALSE","0","False"
"SUI7","Aurèle Amenda","Suiza","Base","Selecciones","155","FALSE","0","False"
"SUI8","Silvan Widmer","Suiza","Base","Selecciones","156","FALSE","0","False"
"SUI9","Granit Xhaka","Suiza","Base","Selecciones","157","FALSE","0","False"
"SUI10","Denis Zakaria","Suiza","Base","Selecciones","158","FALSE","0","False"
"SUI11","Remo Freuler","Suiza","Base","Selecciones","159","FALSE","0","False"
"SUI12","Fabian Rieder","Suiza","Base","Selecciones","160","FALSE","0","False"
"SUI13","Foto de equipo","Suiza","Base","Selecciones","161","FALSE","0","False"
"SUI14","Ardon Jashari","Suiza","Base","Selecciones","162","FALSE","0","False"
"SUI15","Johan Manzambi","Suiza","Base","Selecciones","163","FALSE","0","False"
"SUI16","Michel Aebischer","Suiza","Base","Selecciones","164","FALSE","0","False"
"SUI17","Breel Embolo","Suiza","Base","Selecciones","165","FALSE","0","False"
"SUI18","Ruben Vargas","Suiza","Base","Selecciones","166","FALSE","0","False"
"SUI19","Dan Ndoye","Suiza","Base","Selecciones","167","FALSE","0","False"
"SUI20","Zeki Amdouni","Suiza","Base","Selecciones","168","FALSE","0","False"
"BRA1","Escudo del equipo","Brasil","FOIL","Selecciones","169","FALSE","0","False"
"BRA2","Alisson","Brasil","Base","Selecciones","170","FALSE","0","False"
"BRA3","Bento","Brasil","Base","Selecciones","171","FALSE","0","False"
"BRA4","Marquinhos","Brasil","Base","Selecciones","172","FALSE","0","False"
"BRA5","Éder Militão","Brasil","Base","Selecciones","173","FALSE","0","False"
"BRA6","Gabriel Magalhães","Brasil","Base","Selecciones","174","FALSE","0","False"
"BRA7","Danilo","Brasil","Base","Selecciones","175","FALSE","0","False"
"BRA8","Wesley","Brasil","Base","Selecciones","176","FALSE","0","False"
"BRA9","Lucas Paquetá","Brasil","Base","Selecciones","177","FALSE","0","False"
"BRA10","Casemiro","Brasil","Base","Selecciones","178","FALSE","0","False"
"BRA11","Bruno Guimarães","Brasil","Base","Selecciones","179","FALSE","0","False"
"BRA12","Luiz Henrique","Brasil","Base","Selecciones","180","FALSE","0","False"
"BRA13","Foto de equipo","Brasil","Base","Selecciones","181","FALSE","0","False"
"BRA14","Vinicius Júnior","Brasil","Base","Selecciones","182","FALSE","0","False"
"BRA15","Rodrygo","Brasil","Base","Selecciones","183","FALSE","0","False"
"BRA16","João Pedro","Brasil","Base","Selecciones","184","FALSE","0","False"
"BRA17","Matheus Cunha","Brasil","Base","Selecciones","185","FALSE","0","False"
"BRA18","Gabriel Martinelli","Brasil","Base","Selecciones","186","FALSE","0","False"
"BRA19","Raphinha","Brasil","Base","Selecciones","187","FALSE","0","False"
"BRA20","Estêvão","Brasil","Base","Selecciones","188","FALSE","0","False"
"MAR1","Escudo del equipo","Marruecos","FOIL","Selecciones","189","FALSE","0","False"
"MAR2","Yassine Bounou","Marruecos","Base","Selecciones","190","FALSE","0","False"
"MAR3","Munir El Kajoui","Marruecos","Base","Selecciones","191","FALSE","0","False"
"MAR4","Achraf Hakimi","Marruecos","Base","Selecciones","192","FALSE","0","False"
"MAR5","Noussair Mazraoui","Marruecos","Base","Selecciones","193","FALSE","0","False"
"MAR6","Nayef Aguerd","Marruecos","Base","Selecciones","194","FALSE","0","False"
"MAR7","Romain Saïss","Marruecos","Base","Selecciones","195","FALSE","0","False"
"MAR8","Jawad El Yamiq","Marruecos","Base","Selecciones","196","FALSE","0","False"
"MAR9","Adam Masina","Marruecos","Base","Selecciones","197","FALSE","0","False"
"MAR10","Sofyan Amrabat","Marruecos","Base","Selecciones","198","FALSE","0","False"
"MAR11","Azzedine Ounahi","Marruecos","Base","Selecciones","199","FALSE","0","False"
"MAR12","Eliesse Ben Seghir","Marruecos","Base","Selecciones","200","FALSE","0","False"
"MAR13","Foto de equipo","Marruecos","Base","Selecciones","201","FALSE","0","False"
"MAR14","Bilal El Khannouss","Marruecos","Base","Selecciones","202","FALSE","0","False"
"MAR15","Ismael Saibari","Marruecos","Base","Selecciones","203","FALSE","0","False"
"MAR16","Youssef En-Nesyri","Marruecos","Base","Selecciones","204","FALSE","0","False"
"MAR17","Abde Ezzalzouli","Marruecos","Base","Selecciones","205","FALSE","0","False"
"MAR18","Soufiane Rahimi","Marruecos","Base","Selecciones","206","FALSE","0","False"
"MAR19","Brahim Díaz","Marruecos","Base","Selecciones","207","FALSE","0","False"
"MAR20","Ayoub El Kaabi","Marruecos","Base","Selecciones","208","FALSE","0","False"
"HAI1","Escudo del equipo","Haití","FOIL","Selecciones","209","FALSE","0","False"
"HAI2","Johny Placide","Haití","Base","Selecciones","210","FALSE","0","False"
"HAI3","Carlens Arcus","Haití","Base","Selecciones","211","FALSE","0","False"
"HAI4","Martin Expérience","Haití","Base","Selecciones","212","FALSE","0","False"
"HAI5","Jean-Kevin Duverne","Haití","Base","Selecciones","213","FALSE","0","False"
"HAI6","Ricardo Adé","Haití","Base","Selecciones","214","FALSE","0","False"
"HAI7","Duke Lacroix","Haití","Base","Selecciones","215","FALSE","0","False"
"HAI8","Garven Metusala","Haití","Base","Selecciones","216","FALSE","0","False"
"HAI9","Hannes Delcroix","Haití","Base","Selecciones","217","FALSE","0","False"
"HAI10","Leverton Pierre","Haití","Base","Selecciones","218","FALSE","0","False"
"HAI11","Danley Jean Jacques","Haití","Base","Selecciones","219","FALSE","0","False"
"HAI12","Jean-Ricner Bellegarde","Haití","Base","Selecciones","220","FALSE","0","False"
"HAI13","Foto de equipo","Haití","Base","Selecciones","221","FALSE","0","False"
"HAI14","Christopher Attys","Haití","Base","Selecciones","222","FALSE","0","False"
"HAI15","Derrick Etienne Jr.","Haití","Base","Selecciones","223","FALSE","0","False"
"HAI16","Josué Casimir","Haití","Base","Selecciones","224","FALSE","0","False"
"HAI17","Ruben Providence","Haití","Base","Selecciones","225","FALSE","0","False"
"HAI18","Duckens Nazon","Haití","Base","Selecciones","226","FALSE","0","False"
"HAI19","Louicius Deedson","Haití","Base","Selecciones","227","FALSE","0","False"
"HAI20","Frantzdy Pierrot","Haití","Base","Selecciones","228","FALSE","0","False"
"SCO1","Escudo del equipo","Escocia","FOIL","Selecciones","229","FALSE","0","False"
"SCO2","Angus Gunn","Escocia","Base","Selecciones","230","FALSE","0","False"
"SCO3","Jack Hendry","Escocia","Base","Selecciones","231","FALSE","0","False"
"SCO4","Kieran Tierney","Escocia","Base","Selecciones","232","FALSE","0","False"
"SCO5","Aaron Hickey","Escocia","Base","Selecciones","233","FALSE","0","False"
"SCO6","Andrew Robertson","Escocia","Base","Selecciones","234","FALSE","0","False"
"SCO7","Scott McKenna","Escocia","Base","Selecciones","235","FALSE","0","False"
"SCO8","John Souttar","Escocia","Base","Selecciones","236","FALSE","0","False"
"SCO9","Anthony Ralston","Escocia","Base","Selecciones","237","FALSE","0","False"
"SCO10","Grant Hanley","Escocia","Base","Selecciones","238","FALSE","0","False"
"SCO11","Scott McTominay","Escocia","Base","Selecciones","239","FALSE","0","False"
"SCO12","Billy Gilmour","Escocia","Base","Selecciones","240","FALSE","0","False"
"SCO13","Foto de equipo","Escocia","Base","Selecciones","241","FALSE","0","False"
"SCO14","Lewis Ferguson","Escocia","Base","Selecciones","242","FALSE","0","False"
"SCO15","Ryan Christie","Escocia","Base","Selecciones","243","FALSE","0","False"
"SCO16","Kenny McLean","Escocia","Base","Selecciones","244","FALSE","0","False"
"SCO17","John McGinn","Escocia","Base","Selecciones","245","FALSE","0","False"
"SCO18","Lyndon Dykes","Escocia","Base","Selecciones","246","FALSE","0","False"
"SCO19","Che Adams","Escocia","Base","Selecciones","247","FALSE","0","False"
"SCO20","Ben Doak","Escocia","Base","Selecciones","248","FALSE","0","False"
"USA1","Escudo del equipo","Estados Unidos","FOIL","Selecciones","249","FALSE","0","False"
"USA2","Matt Freese","Estados Unidos","Base","Selecciones","250","FALSE","0","False"
"USA3","Chris Richards","Estados Unidos","Base","Selecciones","251","FALSE","0","False"
"USA4","Tim Ream","Estados Unidos","Base","Selecciones","252","FALSE","0","False"
"USA5","Mark McKenzie","Estados Unidos","Base","Selecciones","253","FALSE","0","False"
"USA6","Alex Freeman","Estados Unidos","Base","Selecciones","254","FALSE","0","False"
"USA7","Antonee Robinson","Estados Unidos","Base","Selecciones","255","FALSE","0","False"
"USA8","Tyler Adams","Estados Unidos","Base","Selecciones","256","FALSE","0","False"
"USA9","Tanner Tessmann","Estados Unidos","Base","Selecciones","257","FALSE","0","False"
"USA10","Weston McKennie","Estados Unidos","Base","Selecciones","258","FALSE","0","False"
"USA11","Christian Roldan","Estados Unidos","Base","Selecciones","259","FALSE","0","False"
"USA12","Timothy Weah","Estados Unidos","Base","Selecciones","260","FALSE","0","False"
"USA13","Foto de equipo","Estados Unidos","Base","Selecciones","261","FALSE","0","False"
"USA14","Diego Luna","Estados Unidos","Base","Selecciones","262","FALSE","0","False"
"USA15","Malik Tillman","Estados Unidos","Base","Selecciones","263","FALSE","0","False"
"USA16","Christian Pulisic","Estados Unidos","Base","Selecciones","264","FALSE","0","False"
"USA17","Brenden Aaronson","Estados Unidos","Base","Selecciones","265","FALSE","0","False"
"USA18","Ricardo Pepi","Estados Unidos","Base","Selecciones","266","FALSE","0","False"
"USA19","Haji Wright","Estados Unidos","Base","Selecciones","267","FALSE","0","False"
"USA20","Folarin Balogun","Estados Unidos","Base","Selecciones","268","FALSE","0","False"
"PAR1","Escudo del equipo","Paraguay","FOIL","Selecciones","269","FALSE","0","False"
"PAR2","Roberto Fernández","Paraguay","Base","Selecciones","270","FALSE","0","False"
"PAR3","Orlando Gill","Paraguay","Base","Selecciones","271","FALSE","0","False"
"PAR4","Gustavo Gómez","Paraguay","Base","Selecciones","272","FALSE","0","False"
"PAR5","Fabián Balbuena","Paraguay","Base","Selecciones","273","FALSE","0","False"
"PAR6","Juan José Cáceres","Paraguay","Base","Selecciones","274","FALSE","0","False"
"PAR7","Omar Alderete","Paraguay","Base","Selecciones","275","FALSE","0","False"
"PAR8","Junior Alonso","Paraguay","Base","Selecciones","276","FALSE","0","False"
"PAR9","Mathías Villasanti","Paraguay","Base","Selecciones","277","FALSE","0","False"
"PAR10","Diego Gómez","Paraguay","Base","Selecciones","278","FALSE","0","False"
"PAR11","Damián Bobadilla","Paraguay","Base","Selecciones","279","FALSE","0","False"
"PAR12","Andrés Cubas","Paraguay","Base","Selecciones","280","FALSE","0","False"
"PAR13","Foto de equipo","Paraguay","Base","Selecciones","281","FALSE","0","False"
"PAR14","Matías Galarza Fonda","Paraguay","Base","Selecciones","282","FALSE","0","False"
"PAR15","Julio Enciso","Paraguay","Base","Selecciones","283","FALSE","0","False"
"PAR16","Alejandro Romero Gamarra","Paraguay","Base","Selecciones","284","FALSE","0","False"
"PAR17","Miguel Almirón","Paraguay","Base","Selecciones","285","FALSE","0","False"
"PAR18","Ramón Sosa","Paraguay","Base","Selecciones","286","FALSE","0","False"
"PAR19","Ángel Romero","Paraguay","Base","Selecciones","287","FALSE","0","False"
"PAR20","Antonio Sanabria","Paraguay","Base","Selecciones","288","FALSE","0","False"
"AUS1","Escudo del equipo","Australia","FOIL","Selecciones","289","FALSE","0","False"
"AUS2","Mathew Ryan","Australia","Base","Selecciones","290","FALSE","0","False"
"AUS3","Joe Gauci","Australia","Base","Selecciones","291","FALSE","0","False"
"AUS4","Harry Souttar","Australia","Base","Selecciones","292","FALSE","0","False"
"AUS5","Alessandro Circati","Australia","Base","Selecciones","293","FALSE","0","False"
"AUS6","Jordan Bos","Australia","Base","Selecciones","294","FALSE","0","False"
"AUS7","Aziz Behich","Australia","Base","Selecciones","295","FALSE","0","False"
"AUS8","Cameron Burgess","Australia","Base","Selecciones","296","FALSE","0","False"
"AUS9","Lewis Miller","Australia","Base","Selecciones","297","FALSE","0","False"
"AUS10","Milos Degenek","Australia","Base","Selecciones","298","FALSE","0","False"
"AUS11","Jackson Irvine","Australia","Base","Selecciones","299","FALSE","0","False"
"AUS12","Riley McGree","Australia","Base","Selecciones","300","FALSE","0","False"
"AUS13","Foto de equipo","Australia","Base","Selecciones","301","FALSE","0","False"
"AUS14","Aiden O'Neill","Australia","Base","Selecciones","302","FALSE","0","False"
"AUS15","Connor Metcalfe","Australia","Base","Selecciones","303","FALSE","0","False"
"AUS16","Patrick Yazbek","Australia","Base","Selecciones","304","FALSE","0","False"
"AUS17","Craig Goodwin","Australia","Base","Selecciones","305","FALSE","0","False"
"AUS18","Kusini Yengi","Australia","Base","Selecciones","306","FALSE","0","False"
"AUS19","Nestory Irankunda","Australia","Base","Selecciones","307","FALSE","0","False"
"AUS20","Mohamed Touré","Australia","Base","Selecciones","308","FALSE","0","False"
"TUR1","Escudo del equipo","Turquía","FOIL","Selecciones","309","FALSE","0","False"
"TUR2","Ugurcan Cakir","Turquía","Base","Selecciones","310","FALSE","0","False"
"TUR3","Mert Müldür","Turquía","Base","Selecciones","311","FALSE","0","False"
"TUR4","Zeki Çelik","Turquía","Base","Selecciones","312","FALSE","0","False"
"TUR5","Abdülkerim Bardakci","Turquía","Base","Selecciones","313","FALSE","0","False"
"TUR6","Çaglar Söyüncü","Turquía","Base","Selecciones","314","FALSE","0","False"
"TUR7","Merih Demiral","Turquía","Base","Selecciones","315","FALSE","0","False"
"TUR8","Ferdi Kadioglu","Turquía","Base","Selecciones","316","FALSE","0","False"
"TUR9","Kaan Ayhan","Turquía","Base","Selecciones","317","FALSE","0","False"
"TUR10","Ismail Yüksek","Turquía","Base","Selecciones","318","FALSE","0","False"
"TUR11","Hakan Çalhanoglu","Turquía","Base","Selecciones","319","FALSE","0","False"
"TUR12","Orkun Kökçü","Turquía","Base","Selecciones","320","FALSE","0","False"
"TUR13","Foto de equipo","Turquía","Base","Selecciones","321","FALSE","0","False"
"TUR14","Arda Güler","Turquía","Base","Selecciones","322","FALSE","0","False"
"TUR15","Irfan Can Kahveci","Turquía","Base","Selecciones","323","FALSE","0","False"
"TUR16","Yunus Akgün","Turquía","Base","Selecciones","324","FALSE","0","False"
"TUR17","Can Uzun","Turquía","Base","Selecciones","325","FALSE","0","False"
"TUR18","Baris Alper Yilmaz","Turquía","Base","Selecciones","326","FALSE","0","False"
"TUR19","Kerem Aktürkoglu","Turquía","Base","Selecciones","327","FALSE","0","False"
"TUR20","Kenan Yildiz","Turquía","Base","Selecciones","328","FALSE","0","False"
"GER1","Escudo del equipo","Alemania","FOIL","Selecciones","329","FALSE","0","False"
"GER2","Marc-André ter Stegen","Alemania","Base","Selecciones","330","FALSE","0","False"
"GER3","Jonathan Tah","Alemania","Base","Selecciones","331","FALSE","0","False"
"GER4","David Raum","Alemania","Base","Selecciones","332","FALSE","0","False"
"GER5","Nico Schlotterbeck","Alemania","Base","Selecciones","333","FALSE","0","False"
"GER6","Antonio Rüdiger","Alemania","Base","Selecciones","334","FALSE","0","False"
"GER7","Waldemar Anton","Alemania","Base","Selecciones","335","FALSE","0","False"
"GER8","Ridle Baku","Alemania","Base","Selecciones","336","FALSE","0","False"
"GER9","Maximilian Mittelstädt","Alemania","Base","Selecciones","337","FALSE","0","False"
"GER10","Joshua Kimmich","Alemania","Base","Selecciones","338","FALSE","0","False"
"GER11","Florian Wirtz","Alemania","Base","Selecciones","339","FALSE","0","False"
"GER12","Felix Nmecha","Alemania","Base","Selecciones","340","FALSE","0","False"
"GER13","Foto de equipo","Alemania","Base","Selecciones","341","FALSE","0","False"
"GER14","Leon Goretzka","Alemania","Base","Selecciones","342","FALSE","0","False"
"GER15","Jamal Musiala","Alemania","Base","Selecciones","343","FALSE","0","False"
"GER16","Serge Gnabry","Alemania","Base","Selecciones","344","FALSE","0","False"
"GER17","Kai Havertz","Alemania","Base","Selecciones","345","FALSE","0","False"
"GER18","Leroy Sané","Alemania","Base","Selecciones","346","FALSE","0","False"
"GER19","Karim Adeyemi","Alemania","Base","Selecciones","347","FALSE","0","False"
"GER20","Nick Woltemade","Alemania","Base","Selecciones","348","FALSE","0","False"
"CUW1","Escudo del equipo","Curazao","FOIL","Selecciones","349","FALSE","0","False"
"CUW2","Eloy Room","Curazao","Base","Selecciones","350","FALSE","0","False"
"CUW3","Armando Obispo","Curazao","Base","Selecciones","351","FALSE","0","False"
"CUW4","Sherel Floranus","Curazao","Base","Selecciones","352","FALSE","0","False"
"CUW5","Jurien Gaari","Curazao","Base","Selecciones","353","FALSE","0","False"
"CUW6","Joshua Brenet","Curazao","Base","Selecciones","354","FALSE","0","False"
"CUW7","Roshon van Eijma","Curazao","Base","Selecciones","355","FALSE","0","False"
"CUW8","Shurandy Sambo","Curazao","Base","Selecciones","356","FALSE","0","False"
"CUW9","Livano Comenencia","Curazao","Base","Selecciones","357","FALSE","0","False"
"CUW10","Godfried Roemeratoe","Curazao","Base","Selecciones","358","FALSE","0","False"
"CUW11","Juninho Bacuna","Curazao","Base","Selecciones","359","FALSE","0","False"
"CUW12","Leandro Bacuna","Curazao","Base","Selecciones","360","FALSE","0","False"
"CUW13","Foto de equipo","Curazao","Base","Selecciones","361","FALSE","0","False"
"CUW14","Tahith Chong","Curazao","Base","Selecciones","362","FALSE","0","False"
"CUW15","Kenji Gorre","Curazao","Base","Selecciones","363","FALSE","0","False"
"CUW16","Jearl Margaritha","Curazao","Base","Selecciones","364","FALSE","0","False"
"CUW17","Jürgen Locadia","Curazao","Base","Selecciones","365","FALSE","0","False"
"CUW18","Jeremy Antonisse","Curazao","Base","Selecciones","366","FALSE","0","False"
"CUW19","Gervane Kastaneer","Curazao","Base","Selecciones","367","FALSE","0","False"
"CUW20","Sontje Hansen","Curazao","Base","Selecciones","368","FALSE","0","False"
"CIV1","Escudo del equipo","Costa de Marfil","FOIL","Selecciones","369","FALSE","0","False"
"CIV2","Yahia Fofana","Costa de Marfil","Base","Selecciones","370","FALSE","0","False"
"CIV3","Ghislain Konan","Costa de Marfil","Base","Selecciones","371","FALSE","0","False"
"CIV4","Wilfried Singo","Costa de Marfil","Base","Selecciones","372","FALSE","0","False"
"CIV5","Odilon Kossounou","Costa de Marfil","Base","Selecciones","373","FALSE","0","False"
"CIV6","Evan Ndicka","Costa de Marfil","Base","Selecciones","374","FALSE","0","False"
"CIV7","Willy Boly","Costa de Marfil","Base","Selecciones","375","FALSE","0","False"
"CIV8","Emmanuel Agbadou","Costa de Marfil","Base","Selecciones","376","FALSE","0","False"
"CIV9","Ousmane Diomandé","Costa de Marfil","Base","Selecciones","377","FALSE","0","False"
"CIV10","Franck Kessié","Costa de Marfil","Base","Selecciones","378","FALSE","0","False"
"CIV11","Seko Fofana","Costa de Marfil","Base","Selecciones","379","FALSE","0","False"
"CIV12","Ibrahim Sangaré","Costa de Marfil","Base","Selecciones","380","FALSE","0","False"
"CIV13","Foto de equipo","Costa de Marfil","Base","Selecciones","381","FALSE","0","False"
"CIV14","Jean-Philippe Gbamin","Costa de Marfil","Base","Selecciones","382","FALSE","0","False"
"CIV15","Amad Diallo","Costa de Marfil","Base","Selecciones","383","FALSE","0","False"
"CIV16","Sébastien Haller","Costa de Marfil","Base","Selecciones","384","FALSE","0","False"
"CIV17","Simon Adingra","Costa de Marfil","Base","Selecciones","385","FALSE","0","False"
"CIV18","Yan Diomandé","Costa de Marfil","Base","Selecciones","386","FALSE","0","False"
"CIV19","Evann Guessand","Costa de Marfil","Base","Selecciones","387","FALSE","0","False"
"CIV20","Oumar Diakité","Costa de Marfil","Base","Selecciones","388","FALSE","0","False"
"ECU1","Escudo del equipo","Ecuador","FOIL","Selecciones","389","FALSE","0","False"
"ECU2","Hernán Galíndez","Ecuador","Base","Selecciones","390","FALSE","0","False"
"ECU3","Gonzalo Valle","Ecuador","Base","Selecciones","391","FALSE","0","False"
"ECU4","Piero Hincapié","Ecuador","Base","Selecciones","392","FALSE","0","False"
"ECU5","Pervis Estupiñán","Ecuador","Base","Selecciones","393","FALSE","0","False"
"ECU6","Willian Pacho","Ecuador","Base","Selecciones","394","FALSE","0","False"
"ECU7","Ángelo Preciado","Ecuador","Base","Selecciones","395","FALSE","0","False"
"ECU8","Joel Ordóñez","Ecuador","Base","Selecciones","396","FALSE","0","False"
"ECU9","Moisés Caicedo","Ecuador","Base","Selecciones","397","FALSE","0","False"
"ECU10","Alan Franco","Ecuador","Base","Selecciones","398","FALSE","0","False"
"ECU11","Kendry Páez","Ecuador","Base","Selecciones","399","FALSE","0","False"
"ECU12","Pedro Vite","Ecuador","Base","Selecciones","400","FALSE","0","False"
"ECU13","Foto de equipo","Ecuador","Base","Selecciones","401","FALSE","0","False"
"ECU14","John Yeboah","Ecuador","Base","Selecciones","402","FALSE","0","False"
"ECU15","Leonardo Campana","Ecuador","Base","Selecciones","403","FALSE","0","False"
"ECU16","Gonzalo Plata","Ecuador","Base","Selecciones","404","FALSE","0","False"
"ECU17","Nilson Angulo","Ecuador","Base","Selecciones","405","FALSE","0","False"
"ECU18","Alan Minda","Ecuador","Base","Selecciones","406","FALSE","0","False"
"ECU19","Kevin Rodríguez","Ecuador","Base","Selecciones","407","FALSE","0","False"
"ECU20","Enner Valencia","Ecuador","Base","Selecciones","408","FALSE","0","False"
"NED1","Escudo del equipo","Países Bajos","FOIL","Selecciones","409","FALSE","0","False"
"NED2","Bart Verbruggen","Países Bajos","Base","Selecciones","410","FALSE","0","False"
"NED3","Virgil van Dijk","Países Bajos","Base","Selecciones","411","FALSE","0","False"
"NED4","Micky van de Ven","Países Bajos","Base","Selecciones","412","FALSE","0","False"
"NED5","Jurriën Timber","Países Bajos","Base","Selecciones","413","FALSE","0","False"
"NED6","Denzel Dumfries","Países Bajos","Base","Selecciones","414","FALSE","0","False"
"NED7","Nathan Aké","Países Bajos","Base","Selecciones","415","FALSE","0","False"
"NED8","Jeremie Frimpong","Países Bajos","Base","Selecciones","416","FALSE","0","False"
"NED9","Jan Paul van Hecke","Países Bajos","Base","Selecciones","417","FALSE","0","False"
"NED10","Tijjani Reijnders","Países Bajos","Base","Selecciones","418","FALSE","0","False"
"NED11","Ryan Gravenberch","Países Bajos","Base","Selecciones","419","FALSE","0","False"
"NED12","Teun Koopmeiners","Países Bajos","Base","Selecciones","420","FALSE","0","False"
"NED13","Foto de equipo","Países Bajos","Base","Selecciones","421","FALSE","0","False"
"NED14","Frenkie de Jong","Países Bajos","Base","Selecciones","422","FALSE","0","False"
"NED15","Xavi Simons","Países Bajos","Base","Selecciones","423","FALSE","0","False"
"NED16","Justin Kluivert","Países Bajos","Base","Selecciones","424","FALSE","0","False"
"NED17","Memphis Depay","Países Bajos","Base","Selecciones","425","FALSE","0","False"
"NED18","Donyell Malen","Países Bajos","Base","Selecciones","426","FALSE","0","False"
"NED19","Wout Weghorst","Países Bajos","Base","Selecciones","427","FALSE","0","False"
"NED20","Cody Gakpo","Países Bajos","Base","Selecciones","428","FALSE","0","False"
"JPN1","Escudo del equipo","Japón","FOIL","Selecciones","429","FALSE","0","False"
"JPN2","Zion Suzuki","Japón","Base","Selecciones","430","FALSE","0","False"
"JPN3","Henry Hiroki Mochizuki","Japón","Base","Selecciones","431","FALSE","0","False"
"JPN4","Ayumu Seko","Japón","Base","Selecciones","432","FALSE","0","False"
"JPN5","Junnosuke Suzuki","Japón","Base","Selecciones","433","FALSE","0","False"
"JPN6","Shogo Taniguchi","Japón","Base","Selecciones","434","FALSE","0","False"
"JPN7","Tsuyoshi Watanabe","Japón","Base","Selecciones","435","FALSE","0","False"
"JPN8","Kaishu Sano","Japón","Base","Selecciones","436","FALSE","0","False"
"JPN9","Yuki Soma","Japón","Base","Selecciones","437","FALSE","0","False"
"JPN10","Ao Tanaka","Japón","Base","Selecciones","438","FALSE","0","False"
"JPN11","Daichi Kamada","Japón","Base","Selecciones","439","FALSE","0","False"
"JPN12","Takefusa Kubo","Japón","Base","Selecciones","440","FALSE","0","False"
"JPN13","Foto de equipo","Japón","Base","Selecciones","441","FALSE","0","False"
"JPN14","Ritsu Doan","Japón","Base","Selecciones","442","FALSE","0","False"
"JPN15","Keito Nakamura","Japón","Base","Selecciones","443","FALSE","0","False"
"JPN16","Takumi Minamino","Japón","Base","Selecciones","444","FALSE","0","False"
"JPN17","Shuto Machino","Japón","Base","Selecciones","445","FALSE","0","False"
"JPN18","Junya Ito","Japón","Base","Selecciones","446","FALSE","0","False"
"JPN19","Koki Ogawa","Japón","Base","Selecciones","447","FALSE","0","False"
"JPN20","Ayase Ueda","Japón","Base","Selecciones","448","FALSE","0","False"
"SWE1","Escudo del equipo","Suecia","FOIL","Selecciones","449","FALSE","0","False"
"SWE2","Victor Johansson","Suecia","Base","Selecciones","450","FALSE","0","False"
"SWE3","Isak Hien","Suecia","Base","Selecciones","451","FALSE","0","False"
"SWE4","Gabriel Gudmundsson","Suecia","Base","Selecciones","452","FALSE","0","False"
"SWE5","Emil Holm","Suecia","Base","Selecciones","453","FALSE","0","False"
"SWE6","Victor Lindelöf","Suecia","Base","Selecciones","454","FALSE","0","False"
"SWE7","Gustaf Lagerbielke","Suecia","Base","Selecciones","455","FALSE","0","False"
"SWE8","Lucas Bergvall","Suecia","Base","Selecciones","456","FALSE","0","False"
"SWE9","Hugo Larsson","Suecia","Base","Selecciones","457","FALSE","0","False"
"SWE10","Jesper Karlström","Suecia","Base","Selecciones","458","FALSE","0","False"
"SWE11","Yasin Ayari","Suecia","Base","Selecciones","459","FALSE","0","False"
"SWE12","Mattias Svanberg","Suecia","Base","Selecciones","460","FALSE","0","False"
"SWE13","Foto de equipo","Suecia","Base","Selecciones","461","FALSE","0","False"
"SWE14","Daniel Svensson","Suecia","Base","Selecciones","462","FALSE","0","False"
"SWE15","Ken Sema","Suecia","Base","Selecciones","463","FALSE","0","False"
"SWE16","Roony Bardghji","Suecia","Base","Selecciones","464","FALSE","0","False"
"SWE17","Dejan Kulusevski","Suecia","Base","Selecciones","465","FALSE","0","False"
"SWE18","Anthony Elanga","Suecia","Base","Selecciones","466","FALSE","0","False"
"SWE19","Alexander Isak","Suecia","Base","Selecciones","467","FALSE","0","False"
"SWE20","Viktor Gyökeres","Suecia","Base","Selecciones","468","FALSE","0","False"
"TUN1","Escudo del equipo","Túnez","FOIL","Selecciones","469","FALSE","0","False"
"TUN2","Bechir Ben Said","Túnez","Base","Selecciones","470","FALSE","0","False"
"TUN3","Aymen Dahmen","Túnez","Base","Selecciones","471","FALSE","0","False"
"TUN4","Yan Valery","Túnez","Base","Selecciones","472","FALSE","0","False"
"TUN5","Montassar Talbi","Túnez","Base","Selecciones","473","FALSE","0","False"
"TUN6","Yassine Meriah","Túnez","Base","Selecciones","474","FALSE","0","False"
"TUN7","Ali Abdi","Túnez","Base","Selecciones","475","FALSE","0","False"
"TUN8","Dylan Bronn","Túnez","Base","Selecciones","476","FALSE","0","False"
"TUN9","Ellyes Skhiri","Túnez","Base","Selecciones","477","FALSE","0","False"
"TUN10","Aïssa Laïdouni","Túnez","Base","Selecciones","478","FALSE","0","False"
"TUN11","Ferjani Sassi","Túnez","Base","Selecciones","479","FALSE","0","False"
"TUN12","Mohamed Ali Ben Romdhane","Túnez","Base","Selecciones","480","FALSE","0","False"
"TUN13","Foto de equipo","Túnez","Base","Selecciones","481","FALSE","0","False"
"TUN14","Hannibal Mejbri","Túnez","Base","Selecciones","482","FALSE","0","False"
"TUN15","Elias Achouri","Túnez","Base","Selecciones","483","FALSE","0","False"
"TUN16","Elias Saad","Túnez","Base","Selecciones","484","FALSE","0","False"
"TUN17","Hazem Mastouri","Túnez","Base","Selecciones","485","FALSE","0","False"
"TUN18","Ismael Gharbi","Túnez","Base","Selecciones","486","FALSE","0","False"
"TUN19","Sayfallah Ltaief","Túnez","Base","Selecciones","487","FALSE","0","False"
"TUN20","Naïm Sliti","Túnez","Base","Selecciones","488","FALSE","0","False"
"BEL1","Escudo del equipo","Bélgica","FOIL","Selecciones","489","FALSE","0","False"
"BEL2","Thibaut Courtois","Bélgica","Base","Selecciones","490","FALSE","0","False"
"BEL3","Arthur Theate","Bélgica","Base","Selecciones","491","FALSE","0","False"
"BEL4","Timothy Castagne","Bélgica","Base","Selecciones","492","FALSE","0","False"
"BEL5","Zeno Debast","Bélgica","Base","Selecciones","493","FALSE","0","False"
"BEL6","Brandon Mechele","Bélgica","Base","Selecciones","494","FALSE","0","False"
"BEL7","Maxim De Cuyper","Bélgica","Base","Selecciones","495","FALSE","0","False"
"BEL8","Thomas Meunier","Bélgica","Base","Selecciones","496","FALSE","0","False"
"BEL9","Youri Tielemans","Bélgica","Base","Selecciones","497","FALSE","0","False"
"BEL10","Amadou Onana","Bélgica","Base","Selecciones","498","FALSE","0","False"
"BEL11","Nicolas Raskin","Bélgica","Base","Selecciones","499","FALSE","0","False"
"BEL12","Alexis Saelemaekers","Bélgica","Base","Selecciones","500","FALSE","0","False"
"BEL13","Foto de equipo","Bélgica","Base","Selecciones","501","FALSE","0","False"
"BEL14","Hans Vanaken","Bélgica","Base","Selecciones","502","FALSE","0","False"
"BEL15","Kevin De Bruyne","Bélgica","Base","Selecciones","503","FALSE","0","False"
"BEL16","Jérémy Doku","Bélgica","Base","Selecciones","504","FALSE","0","False"
"BEL17","Charles De Ketelaere","Bélgica","Base","Selecciones","505","FALSE","0","False"
"BEL18","Leandro Trossard","Bélgica","Base","Selecciones","506","FALSE","0","False"
"BEL19","Loïs Openda","Bélgica","Base","Selecciones","507","FALSE","0","False"
"BEL20","Romelu Lukaku","Bélgica","Base","Selecciones","508","FALSE","0","False"
"EGY1","Escudo del equipo","Egipto","FOIL","Selecciones","509","FALSE","0","False"
"EGY2","Mohamed El Shenawy","Egipto","Base","Selecciones","510","FALSE","0","False"
"EGY3","Mohamed Hany","Egipto","Base","Selecciones","511","FALSE","0","False"
"EGY4","Mohamed Hamdy","Egipto","Base","Selecciones","512","FALSE","0","False"
"EGY5","Yasser Ibrahim","Egipto","Base","Selecciones","513","FALSE","0","False"
"EGY6","Khaled Sobhi","Egipto","Base","Selecciones","514","FALSE","0","False"
"EGY7","Ramy Rabia","Egipto","Base","Selecciones","515","FALSE","0","False"
"EGY8","Hossam Abdelmaguid","Egipto","Base","Selecciones","516","FALSE","0","False"
"EGY9","Ahmed Fatouh","Egipto","Base","Selecciones","517","FALSE","0","False"
"EGY10","Marwan Attia","Egipto","Base","Selecciones","518","FALSE","0","False"
"EGY11","Zizo","Egipto","Base","Selecciones","519","FALSE","0","False"
"EGY12","Hamdy Fathy","Egipto","Base","Selecciones","520","FALSE","0","False"
"EGY13","Foto de equipo","Egipto","Base","Selecciones","521","FALSE","0","False"
"EGY14","Mohamed Lasheen","Egipto","Base","Selecciones","522","FALSE","0","False"
"EGY15","Emam Ashour","Egipto","Base","Selecciones","523","FALSE","0","False"
"EGY16","Osama Faisal","Egipto","Base","Selecciones","524","FALSE","0","False"
"EGY17","Mohamed Salah","Egipto","Base","Selecciones","525","FALSE","0","False"
"EGY18","Mostafa Mohamed","Egipto","Base","Selecciones","526","FALSE","0","False"
"EGY19","Trezeguet","Egipto","Base","Selecciones","527","FALSE","0","False"
"EGY20","Omar Marmoush","Egipto","Base","Selecciones","528","FALSE","0","False"
"IRN1","Escudo del equipo","Irán","FOIL","Selecciones","529","FALSE","0","False"
"IRN2","Alireza Beiranvand","Irán","Base","Selecciones","530","FALSE","0","False"
"IRN3","Morteza Pouraliganji","Irán","Base","Selecciones","531","FALSE","0","False"
"IRN4","Ehsan Hajsafi","Irán","Base","Selecciones","532","FALSE","0","False"
"IRN5","Milad Mohammadi","Irán","Base","Selecciones","533","FALSE","0","False"
"IRN6","Shojae Khalilzadeh","Irán","Base","Selecciones","534","FALSE","0","False"
"IRN7","Ramin Rezaeian","Irán","Base","Selecciones","535","FALSE","0","False"
"IRN8","Hossein Kanaani","Irán","Base","Selecciones","536","FALSE","0","False"
"IRN9","Sadegh Moharrami","Irán","Base","Selecciones","537","FALSE","0","False"
"IRN10","Saleh Hardani","Irán","Base","Selecciones","538","FALSE","0","False"
"IRN11","Saeed Ezatolahi","Irán","Base","Selecciones","539","FALSE","0","False"
"IRN12","Saman Ghoddos","Irán","Base","Selecciones","540","FALSE","0","False"
"IRN13","Foto de equipo","Irán","Base","Selecciones","541","FALSE","0","False"
"IRN14","Omid Noorafkan","Irán","Base","Selecciones","542","FALSE","0","False"
"IRN15","Roozbeh Cheshmi","Irán","Base","Selecciones","543","FALSE","0","False"
"IRN16","Mohammad Mohebi","Irán","Base","Selecciones","544","FALSE","0","False"
"IRN17","Sardar Azmoun","Irán","Base","Selecciones","545","FALSE","0","False"
"IRN18","Mehdi Taremi","Irán","Base","Selecciones","546","FALSE","0","False"
"IRN19","Alireza Jahanbakhsh","Irán","Base","Selecciones","547","FALSE","0","False"
"IRN20","Ali Gholizadeh","Irán","Base","Selecciones","548","FALSE","0","False"
"NZL1","Escudo del equipo","Nueva Zelanda","FOIL","Selecciones","549","FALSE","0","False"
"NZL2","Max Crocombe","Nueva Zelanda","Base","Selecciones","550","FALSE","0","False"
"NZL3","Alex Paulsen","Nueva Zelanda","Base","Selecciones","551","FALSE","0","False"
"NZL4","Michael Boxall","Nueva Zelanda","Base","Selecciones","552","FALSE","0","False"
"NZL5","Liberato Cacace","Nueva Zelanda","Base","Selecciones","553","FALSE","0","False"
"NZL6","Tim Payne","Nueva Zelanda","Base","Selecciones","554","FALSE","0","False"
"NZL7","Tyler Bindon","Nueva Zelanda","Base","Selecciones","555","FALSE","0","False"
"NZL8","Francis de Vries","Nueva Zelanda","Base","Selecciones","556","FALSE","0","False"
"NZL9","Finn Surman","Nueva Zelanda","Base","Selecciones","557","FALSE","0","False"
"NZL10","Joe Bell","Nueva Zelanda","Base","Selecciones","558","FALSE","0","False"
"NZL11","Sarpreet Singh","Nueva Zelanda","Base","Selecciones","559","FALSE","0","False"
"NZL12","Ryan Thomas","Nueva Zelanda","Base","Selecciones","560","FALSE","0","False"
"NZL13","Foto de equipo","Nueva Zelanda","Base","Selecciones","561","FALSE","0","False"
"NZL14","Matthew Garbett","Nueva Zelanda","Base","Selecciones","562","FALSE","0","False"
"NZL15","Marko Stamenić","Nueva Zelanda","Base","Selecciones","563","FALSE","0","False"
"NZL16","Ben Old","Nueva Zelanda","Base","Selecciones","564","FALSE","0","False"
"NZL17","Chris Wood","Nueva Zelanda","Base","Selecciones","565","FALSE","0","False"
"NZL18","Elijah Just","Nueva Zelanda","Base","Selecciones","566","FALSE","0","False"
"NZL19","Callum McCowatt","Nueva Zelanda","Base","Selecciones","567","FALSE","0","False"
"NZL20","Kosta Barbarouses","Nueva Zelanda","Base","Selecciones","568","FALSE","0","False"
"ESP1","Escudo del equipo","España","FOIL","Selecciones","569","FALSE","0","False"
"ESP2","Unai Simón","España","Base","Selecciones","570","FALSE","0","False"
"ESP3","Robin Le Normand","España","Base","Selecciones","571","FALSE","0","False"
"ESP4","Aymeric Laporte","España","Base","Selecciones","572","FALSE","0","False"
"ESP5","Dean Huijsen","España","Base","Selecciones","573","FALSE","0","False"
"ESP6","Pedro Porro","España","Base","Selecciones","574","FALSE","0","False"
"ESP7","Dani Carvajal","España","Base","Selecciones","575","FALSE","0","False"
"ESP8","Marc Cucurella","España","Base","Selecciones","576","FALSE","0","False"
"ESP9","Martín Zubimendi","España","Base","Selecciones","577","FALSE","0","False"
"ESP10","Rodri","España","Base","Selecciones","578","FALSE","0","False"
"ESP11","Pedri","España","Base","Selecciones","579","FALSE","0","False"
"ESP12","Fabián Ruiz","España","Base","Selecciones","580","FALSE","0","False"
"ESP13","Foto de equipo","España","Base","Selecciones","581","FALSE","0","False"
"ESP14","Mikel Merino","España","Base","Selecciones","582","FALSE","0","False"
"ESP15","Lamine Yamal","España","Base","Selecciones","583","FALSE","0","False"
"ESP16","Dani Olmo","España","Base","Selecciones","584","FALSE","0","False"
"ESP17","Nico Williams","España","Base","Selecciones","585","FALSE","0","False"
"ESP18","Ferran Torres","España","Base","Selecciones","586","FALSE","0","False"
"ESP19","Álvaro Morata","España","Base","Selecciones","587","FALSE","0","False"
"ESP20","Mikel Oyarzabal","España","Base","Selecciones","588","FALSE","0","False"
"CPV1","Escudo del equipo","Cabo Verde","FOIL","Selecciones","589","FALSE","0","False"
"CPV2","Vozinha","Cabo Verde","Base","Selecciones","590","FALSE","0","False"
"CPV3","Logan Costa","Cabo Verde","Base","Selecciones","591","FALSE","0","False"
"CPV4","Pico","Cabo Verde","Base","Selecciones","592","FALSE","0","False"
"CPV5","Diney","Cabo Verde","Base","Selecciones","593","FALSE","0","False"
"CPV6","Steven Moreira","Cabo Verde","Base","Selecciones","594","FALSE","0","False"
"CPV7","Wagner Pina","Cabo Verde","Base","Selecciones","595","FALSE","0","False"
"CPV8","João Paulo","Cabo Verde","Base","Selecciones","596","FALSE","0","False"
"CPV9","Yannick Semedo","Cabo Verde","Base","Selecciones","597","FALSE","0","False"
"CPV10","Kevin Pina","Cabo Verde","Base","Selecciones","598","FALSE","0","False"
"CPV11","Patrick Andrade","Cabo Verde","Base","Selecciones","599","FALSE","0","False"
"CPV12","Jamiro Monteiro","Cabo Verde","Base","Selecciones","600","FALSE","0","False"
"CPV13","Foto de equipo","Cabo Verde","Base","Selecciones","601","FALSE","0","False"
"CPV14","Deroy Duarte","Cabo Verde","Base","Selecciones","602","FALSE","0","False"
"CPV15","Garry Rodrigues","Cabo Verde","Base","Selecciones","603","FALSE","0","False"
"CPV16","Jovane Cabral","Cabo Verde","Base","Selecciones","604","FALSE","0","False"
"CPV17","Ryan Mendes","Cabo Verde","Base","Selecciones","605","FALSE","0","False"
"CPV18","Dailon Livramento","Cabo Verde","Base","Selecciones","606","FALSE","0","False"
"CPV19","Willy Semedo","Cabo Verde","Base","Selecciones","607","FALSE","0","False"
"CPV20","Bebe","Cabo Verde","Base","Selecciones","608","FALSE","0","False"
"KSA1","Escudo del equipo","Arabia Saudí","FOIL","Selecciones","609","FALSE","0","False"
"KSA2","Nawaf Alaqidi","Arabia Saudí","Base","Selecciones","610","FALSE","0","False"
"KSA3","Abdulrahman Al-Sanbi","Arabia Saudí","Base","Selecciones","611","FALSE","0","False"
"KSA4","Saud Abdulhamid","Arabia Saudí","Base","Selecciones","612","FALSE","0","False"
"KSA5","Nawaf Boushal","Arabia Saudí","Base","Selecciones","613","FALSE","0","False"
"KSA6","Jihad Thakri","Arabia Saudí","Base","Selecciones","614","FALSE","0","False"
"KSA7","Moteb Al-Harbi","Arabia Saudí","Base","Selecciones","615","FALSE","0","False"
"KSA8","Hassan Altambakti","Arabia Saudí","Base","Selecciones","616","FALSE","0","False"
"KSA9","Musab Aljuwayr","Arabia Saudí","Base","Selecciones","617","FALSE","0","False"
"KSA10","Ziyad Aljohani","Arabia Saudí","Base","Selecciones","618","FALSE","0","False"
"KSA11","Abdullah Alkhaibari","Arabia Saudí","Base","Selecciones","619","FALSE","0","False"
"KSA12","Nasser Aldawsari","Arabia Saudí","Base","Selecciones","620","FALSE","0","False"
"KSA13","Foto de equipo","Arabia Saudí","Base","Selecciones","621","FALSE","0","False"
"KSA14","Saleh Abu Alshamat","Arabia Saudí","Base","Selecciones","622","FALSE","0","False"
"KSA15","Marwan Alsahafi","Arabia Saudí","Base","Selecciones","623","FALSE","0","False"
"KSA16","Salem Aldawsari","Arabia Saudí","Base","Selecciones","624","FALSE","0","False"
"KSA17","Abdulrahman Al-Aboud","Arabia Saudí","Base","Selecciones","625","FALSE","0","False"
"KSA18","Feras Albrikan","Arabia Saudí","Base","Selecciones","626","FALSE","0","False"
"KSA19","Saleh Alshehri","Arabia Saudí","Base","Selecciones","627","FALSE","0","False"
"KSA20","Abdullah Al-Hamdan","Arabia Saudí","Base","Selecciones","628","FALSE","0","False"
"URU1","Escudo del equipo","Uruguay","FOIL","Selecciones","629","FALSE","0","False"
"URU2","Sergio Rochet","Uruguay","Base","Selecciones","630","FALSE","0","False"
"URU3","Santiago Mele","Uruguay","Base","Selecciones","631","FALSE","0","False"
"URU4","Ronald Araújo","Uruguay","Base","Selecciones","632","FALSE","0","False"
"URU5","José María Giménez","Uruguay","Base","Selecciones","633","FALSE","0","False"
"URU6","Sebastián Cáceres","Uruguay","Base","Selecciones","634","FALSE","0","False"
"URU7","Mathías Olivera","Uruguay","Base","Selecciones","635","FALSE","0","False"
"URU8","Guillermo Varela","Uruguay","Base","Selecciones","636","FALSE","0","False"
"URU9","Nahitan Nández","Uruguay","Base","Selecciones","637","FALSE","0","False"
"URU10","Federico Valverde","Uruguay","Base","Selecciones","638","FALSE","0","False"
"URU11","Giorgian De Arrascaeta","Uruguay","Base","Selecciones","639","FALSE","0","False"
"URU12","Rodrigo Bentancur","Uruguay","Base","Selecciones","640","FALSE","0","False"
"URU13","Foto de equipo","Uruguay","Base","Selecciones","641","FALSE","0","False"
"URU14","Manuel Ugarte","Uruguay","Base","Selecciones","642","FALSE","0","False"
"URU15","Nicolás de la Cruz","Uruguay","Base","Selecciones","643","FALSE","0","False"
"URU16","Maxi Araújo","Uruguay","Base","Selecciones","644","FALSE","0","False"
"URU17","Darwin Núñez","Uruguay","Base","Selecciones","645","FALSE","0","False"
"URU18","Federico Viñas","Uruguay","Base","Selecciones","646","FALSE","0","False"
"URU19","Rodrigo Aguirre","Uruguay","Base","Selecciones","647","FALSE","0","False"
"URU20","Facundo Pellistri","Uruguay","Base","Selecciones","648","FALSE","0","False"
"FRA1","Escudo del equipo","Francia","FOIL","Selecciones","649","FALSE","0","False"
"FRA2","Mike Maignan","Francia","Base","Selecciones","650","FALSE","0","False"
"FRA3","Theo Hernández","Francia","Base","Selecciones","651","FALSE","0","False"
"FRA4","William Saliba","Francia","Base","Selecciones","652","FALSE","0","False"
"FRA5","Jules Koundé","Francia","Base","Selecciones","653","FALSE","0","False"
"FRA6","Ibrahima Konaté","Francia","Base","Selecciones","654","FALSE","0","False"
"FRA7","Dayot Upamecano","Francia","Base","Selecciones","655","FALSE","0","False"
"FRA8","Lucas Digne","Francia","Base","Selecciones","656","FALSE","0","False"
"FRA9","Aurélien Tchouaméni","Francia","Base","Selecciones","657","FALSE","0","False"
"FRA10","Eduardo Camavinga","Francia","Base","Selecciones","658","FALSE","0","False"
"FRA11","Manu Koné","Francia","Base","Selecciones","659","FALSE","0","False"
"FRA12","Adrien Rabiot","Francia","Base","Selecciones","660","FALSE","0","False"
"FRA13","Foto de equipo","Francia","Base","Selecciones","661","FALSE","0","False"
"FRA14","Michael Olise","Francia","Base","Selecciones","662","FALSE","0","False"
"FRA15","Ousmane Dembélé","Francia","Base","Selecciones","663","FALSE","0","False"
"FRA16","Bradley Barcola","Francia","Base","Selecciones","664","FALSE","0","False"
"FRA17","Désiré Doué","Francia","Base","Selecciones","665","FALSE","0","False"
"FRA18","Kingsley Coman","Francia","Base","Selecciones","666","FALSE","0","False"
"FRA19","Hugo Ekitike","Francia","Base","Selecciones","667","FALSE","0","False"
"FRA20","Kylian Mbappé","Francia","Base","Selecciones","668","FALSE","0","False"
"SEN1","Escudo del equipo","Senegal","FOIL","Selecciones","669","FALSE","0","False"
"SEN2","Édouard Mendy","Senegal","Base","Selecciones","670","FALSE","0","False"
"SEN3","Yehvann Diouf","Senegal","Base","Selecciones","671","FALSE","0","False"
"SEN4","Moussa Niakhaté","Senegal","Base","Selecciones","672","FALSE","0","False"
"SEN5","Abdoulaye Seck","Senegal","Base","Selecciones","673","FALSE","0","False"
"SEN6","Ismail Jakobs","Senegal","Base","Selecciones","674","FALSE","0","False"
"SEN7","El Hadji Malick Diouf","Senegal","Base","Selecciones","675","FALSE","0","False"
"SEN8","Kalidou Koulibaly","Senegal","Base","Selecciones","676","FALSE","0","False"
"SEN9","Idrissa Gana Gueye","Senegal","Base","Selecciones","677","FALSE","0","False"
"SEN10","Pape Matar Sarr","Senegal","Base","Selecciones","678","FALSE","0","False"
"SEN11","Pape Gueye","Senegal","Base","Selecciones","679","FALSE","0","False"
"SEN12","Habib Diarra","Senegal","Base","Selecciones","680","FALSE","0","False"
"SEN13","Foto de equipo","Senegal","Base","Selecciones","681","FALSE","0","False"
"SEN14","Lamine Camara","Senegal","Base","Selecciones","682","FALSE","0","False"
"SEN15","Sadio Mané","Senegal","Base","Selecciones","683","FALSE","0","False"
"SEN16","Ismaïla Sarr","Senegal","Base","Selecciones","684","FALSE","0","False"
"SEN17","Boulaye Dia","Senegal","Base","Selecciones","685","FALSE","0","False"
"SEN18","Iliman Ndiaye","Senegal","Base","Selecciones","686","FALSE","0","False"
"SEN19","Nicolas Jackson","Senegal","Base","Selecciones","687","FALSE","0","False"
"SEN20","Krépin Diatta","Senegal","Base","Selecciones","688","FALSE","0","False"
"IRQ1","Escudo del equipo","Irak","FOIL","Selecciones","689","FALSE","0","False"
"IRQ2","Jalal Hassan","Irak","Base","Selecciones","690","FALSE","0","False"
"IRQ3","Rebin Sulaka","Irak","Base","Selecciones","691","FALSE","0","False"
"IRQ4","Hussein Ali","Irak","Base","Selecciones","692","FALSE","0","False"
"IRQ5","Akam Hashem","Irak","Base","Selecciones","693","FALSE","0","False"
"IRQ6","Merchas Doski","Irak","Base","Selecciones","694","FALSE","0","False"
"IRQ7","Zaid Tahseen","Irak","Base","Selecciones","695","FALSE","0","False"
"IRQ8","Manaf Younis","Irak","Base","Selecciones","696","FALSE","0","False"
"IRQ9","Zidane Iqbal","Irak","Base","Selecciones","697","FALSE","0","False"
"IRQ10","Amir Al-Ammari","Irak","Base","Selecciones","698","FALSE","0","False"
"IRQ11","Ibrahim Bayesh","Irak","Base","Selecciones","699","FALSE","0","False"
"IRQ12","Ali Jasim","Irak","Base","Selecciones","700","FALSE","0","False"
"IRQ13","Foto de equipo","Irak","Base","Selecciones","701","FALSE","0","False"
"IRQ14","Youssef Amyn","Irak","Base","Selecciones","702","FALSE","0","False"
"IRQ15","Aymen Hussein","Irak","Base","Selecciones","703","FALSE","0","False"
"IRQ16","Marko Farji","Irak","Base","Selecciones","704","FALSE","0","False"
"IRQ17","Osama Rashid","Irak","Base","Selecciones","705","FALSE","0","False"
"IRQ18","Ali Al-Hamadi","Irak","Base","Selecciones","706","FALSE","0","False"
"IRQ19","Aimar Sher","Irak","Base","Selecciones","707","FALSE","0","False"
"IRQ20","Mohanad Ali","Irak","Base","Selecciones","708","FALSE","0","False"
"NOR1","Escudo del equipo","Noruega","FOIL","Selecciones","709","FALSE","0","False"
"NOR2","Ørjan Nyland","Noruega","Base","Selecciones","710","FALSE","0","False"
"NOR3","Julian Ryerson","Noruega","Base","Selecciones","711","FALSE","0","False"
"NOR4","Leo Østigård","Noruega","Base","Selecciones","712","FALSE","0","False"
"NOR5","Kristoffer Ajer","Noruega","Base","Selecciones","713","FALSE","0","False"
"NOR6","Marcus Holmgren Pedersen","Noruega","Base","Selecciones","714","FALSE","0","False"
"NOR7","David Møller Wolfe","Noruega","Base","Selecciones","715","FALSE","0","False"
"NOR8","Torbjørn Heggem","Noruega","Base","Selecciones","716","FALSE","0","False"
"NOR9","Morten Thorsby","Noruega","Base","Selecciones","717","FALSE","0","False"
"NOR10","Martin Ødegaard","Noruega","Base","Selecciones","718","FALSE","0","False"
"NOR11","Sander Berge","Noruega","Base","Selecciones","719","FALSE","0","False"
"NOR12","Andreas Schjelderup","Noruega","Base","Selecciones","720","FALSE","0","False"
"NOR13","Foto de equipo","Noruega","Base","Selecciones","721","FALSE","0","False"
"NOR14","Patrick Berg","Noruega","Base","Selecciones","722","FALSE","0","False"
"NOR15","Erling Haaland","Noruega","Base","Selecciones","723","FALSE","0","False"
"NOR16","Alexander Sørloth","Noruega","Base","Selecciones","724","FALSE","0","False"
"NOR17","Aron Dønnum","Noruega","Base","Selecciones","725","FALSE","0","False"
"NOR18","Jørgen Strand Larsen","Noruega","Base","Selecciones","726","FALSE","0","False"
"NOR19","Antonio Nusa","Noruega","Base","Selecciones","727","FALSE","0","False"
"NOR20","Oscar Bobb","Noruega","Base","Selecciones","728","FALSE","0","False"
"ARG1","Escudo del equipo","Argentina","FOIL","Selecciones","729","FALSE","0","False"
"ARG2","Emiliano Martínez","Argentina","Base","Selecciones","730","FALSE","0","False"
"ARG3","Nahuel Molina","Argentina","Base","Selecciones","731","FALSE","0","False"
"ARG4","Cristian Romero","Argentina","Base","Selecciones","732","FALSE","0","False"
"ARG5","Nicolás Otamendi","Argentina","Base","Selecciones","733","FALSE","0","False"
"ARG6","Nicolás Tagliafico","Argentina","Base","Selecciones","734","FALSE","0","False"
"ARG7","Leonardo Balerdi","Argentina","Base","Selecciones","735","FALSE","0","False"
"ARG8","Enzo Fernández","Argentina","Base","Selecciones","736","FALSE","0","False"
"ARG9","Alexis Mac Allister","Argentina","Base","Selecciones","737","FALSE","0","False"
"ARG10","Rodrigo De Paul","Argentina","Base","Selecciones","738","FALSE","0","False"
"ARG11","Exequiel Palacios","Argentina","Base","Selecciones","739","FALSE","0","False"
"ARG12","Leandro Paredes","Argentina","Base","Selecciones","740","FALSE","0","False"
"ARG13","Foto de equipo","Argentina","Base","Selecciones","741","FALSE","0","False"
"ARG14","Nico Paz","Argentina","Base","Selecciones","742","FALSE","0","False"
"ARG15","Franco Mastantuono","Argentina","Base","Selecciones","743","FALSE","0","False"
"ARG16","Nico González","Argentina","Base","Selecciones","744","FALSE","0","False"
"ARG17","Lionel Messi","Argentina","Base","Selecciones","745","FALSE","0","False"
"ARG18","Lautaro Martínez","Argentina","Base","Selecciones","746","FALSE","0","False"
"ARG19","Julián Álvarez","Argentina","Base","Selecciones","747","FALSE","0","False"
"ARG20","Giuliano Simeone","Argentina","Base","Selecciones","748","FALSE","0","False"
"ALG1","Escudo del equipo","Argelia","FOIL","Selecciones","749","FALSE","0","False"
"ALG2","Alexis Guendouz","Argelia","Base","Selecciones","750","FALSE","0","False"
"ALG3","Ramy Bensebaini","Argelia","Base","Selecciones","751","FALSE","0","False"
"ALG4","Youcef Atal","Argelia","Base","Selecciones","752","FALSE","0","False"
"ALG5","Rayan Aït-Nouri","Argelia","Base","Selecciones","753","FALSE","0","False"
"ALG6","Mohamed Amine Tougai","Argelia","Base","Selecciones","754","FALSE","0","False"
"ALG7","Aïssa Mandi","Argelia","Base","Selecciones","755","FALSE","0","False"
"ALG8","Ismael Bennacer","Argelia","Base","Selecciones","756","FALSE","0","False"
"ALG9","Houssem Aouar","Argelia","Base","Selecciones","757","FALSE","0","False"
"ALG10","Hicham Boudaoui","Argelia","Base","Selecciones","758","FALSE","0","False"
"ALG11","Ramiz Zerrouki","Argelia","Base","Selecciones","759","FALSE","0","False"
"ALG12","Nabil Bentaleb","Argelia","Base","Selecciones","760","FALSE","0","False"
"ALG13","Foto de equipo","Argelia","Base","Selecciones","761","FALSE","0","False"
"ALG14","Farés Chaibi","Argelia","Base","Selecciones","762","FALSE","0","False"
"ALG15","Riyad Mahrez","Argelia","Base","Selecciones","763","FALSE","0","False"
"ALG16","Said Benrahma","Argelia","Base","Selecciones","764","FALSE","0","False"
"ALG17","Anis Hadj Moussa","Argelia","Base","Selecciones","765","FALSE","0","False"
"ALG18","Amine Gouiri","Argelia","Base","Selecciones","766","FALSE","0","False"
"ALG19","Baghdad Bounedjah","Argelia","Base","Selecciones","767","FALSE","0","False"
"ALG20","Mohammed Amoura","Argelia","Base","Selecciones","768","FALSE","0","False"
"AUT1","Escudo del equipo","Austria","FOIL","Selecciones","769","FALSE","0","False"
"AUT2","Alexander Schlager","Austria","Base","Selecciones","770","FALSE","0","False"
"AUT3","Patrick Pentz","Austria","Base","Selecciones","771","FALSE","0","False"
"AUT4","David Alaba","Austria","Base","Selecciones","772","FALSE","0","False"
"AUT5","Kevin Danso","Austria","Base","Selecciones","773","FALSE","0","False"
"AUT6","Philipp Lienhart","Austria","Base","Selecciones","774","FALSE","0","False"
"AUT7","Stefan Posch","Austria","Base","Selecciones","775","FALSE","0","False"
"AUT8","Phillipp Mwene","Austria","Base","Selecciones","776","FALSE","0","False"
"AUT9","Alexander Prass","Austria","Base","Selecciones","777","FALSE","0","False"
"AUT10","Xaver Schlager","Austria","Base","Selecciones","778","FALSE","0","False"
"AUT11","Marcel Sabitzer","Austria","Base","Selecciones","779","FALSE","0","False"
"AUT12","Konrad Laimer","Austria","Base","Selecciones","780","FALSE","0","False"
"AUT13","Foto de equipo","Austria","Base","Selecciones","781","FALSE","0","False"
"AUT14","Florian Grillitsch","Austria","Base","Selecciones","782","FALSE","0","False"
"AUT15","Nicolas Seiwald","Austria","Base","Selecciones","783","FALSE","0","False"
"AUT16","Romano Schmid","Austria","Base","Selecciones","784","FALSE","0","False"
"AUT17","Patrick Wimmer","Austria","Base","Selecciones","785","FALSE","0","False"
"AUT18","Christoph Baumgartner","Austria","Base","Selecciones","786","FALSE","0","False"
"AUT19","Michael Gregoritsch","Austria","Base","Selecciones","787","FALSE","0","False"
"AUT20","Marko Arnautović","Austria","Base","Selecciones","788","FALSE","0","False"
"JOR1","Escudo del equipo","Jordania","FOIL","Selecciones","789","FALSE","0","False"
"JOR2","Yazeed Abulaila","Jordania","Base","Selecciones","790","FALSE","0","False"
"JOR3","Ihsan Haddad","Jordania","Base","Selecciones","791","FALSE","0","False"
"JOR4","Mohammad Abu Hashish","Jordania","Base","Selecciones","792","FALSE","0","False"
"JOR5","Yazan Al-Arab","Jordania","Base","Selecciones","793","FALSE","0","False"
"JOR6","Abdallah Nasib","Jordania","Base","Selecciones","794","FALSE","0","False"
"JOR7","Saleem Obaid","Jordania","Base","Selecciones","795","FALSE","0","False"
"JOR8","Mohammad Abualnadi","Jordania","Base","Selecciones","796","FALSE","0","False"
"JOR9","Ibrahim Saadeh","Jordania","Base","Selecciones","797","FALSE","0","False"
"JOR10","Nizar Al-Rashdan","Jordania","Base","Selecciones","798","FALSE","0","False"
"JOR11","Noor Al-Rawabdeh","Jordania","Base","Selecciones","799","FALSE","0","False"
"JOR12","Mohannad Abu Taha","Jordania","Base","Selecciones","800","FALSE","0","False"
"JOR13","Foto de equipo","Jordania","Base","Selecciones","801","FALSE","0","False"
"JOR14","Amer Jamous","Jordania","Base","Selecciones","802","FALSE","0","False"
"JOR15","Musa Al-Taamari","Jordania","Base","Selecciones","803","FALSE","0","False"
"JOR16","Yazan Al-Naimat","Jordania","Base","Selecciones","804","FALSE","0","False"
"JOR17","Mahmoud Al-Mardi","Jordania","Base","Selecciones","805","FALSE","0","False"
"JOR18","Ali Olwan","Jordania","Base","Selecciones","806","FALSE","0","False"
"JOR19","Mohammad Abu Zrayq","Jordania","Base","Selecciones","807","FALSE","0","False"
"JOR20","Ibrahim Sabra","Jordania","Base","Selecciones","808","FALSE","0","False"
"POR1","Escudo del equipo","Portugal","FOIL","Selecciones","809","FALSE","0","False"
"POR2","Diogo Costa","Portugal","Base","Selecciones","810","FALSE","0","False"
"POR3","José Sá","Portugal","Base","Selecciones","811","FALSE","0","False"
"POR4","Rúben Dias","Portugal","Base","Selecciones","812","FALSE","0","False"
"POR5","João Cancelo","Portugal","Base","Selecciones","813","FALSE","0","False"
"POR6","Diogo Dalot","Portugal","Base","Selecciones","814","FALSE","0","False"
"POR7","Nuno Mendes","Portugal","Base","Selecciones","815","FALSE","0","False"
"POR8","Gonçalo Inácio","Portugal","Base","Selecciones","816","FALSE","0","False"
"POR9","Bernardo Silva","Portugal","Base","Selecciones","817","FALSE","0","False"
"POR10","Bruno Fernandes","Portugal","Base","Selecciones","818","FALSE","0","False"
"POR11","Rúben Neves","Portugal","Base","Selecciones","819","FALSE","0","False"
"POR12","Vitinha","Portugal","Base","Selecciones","820","FALSE","0","False"
"POR13","Foto de equipo","Portugal","Base","Selecciones","821","FALSE","0","False"
"POR14","João Neves","Portugal","Base","Selecciones","822","FALSE","0","False"
"POR15","Cristiano Ronaldo","Portugal","Base","Selecciones","823","FALSE","0","False"
"POR16","Francisco Trincão","Portugal","Base","Selecciones","824","FALSE","0","False"
"POR17","João Félix","Portugal","Base","Selecciones","825","FALSE","0","False"
"POR18","Gonçalo Ramos","Portugal","Base","Selecciones","826","FALSE","0","False"
"POR19","Pedro Neto","Portugal","Base","Selecciones","827","FALSE","0","False"
"POR20","Rafael Leão","Portugal","Base","Selecciones","828","FALSE","0","False"
"COD1","Escudo del equipo","RD Congo","FOIL","Selecciones","829","FALSE","0","False"
"COD2","Lionel Mpasi","RD Congo","Base","Selecciones","830","FALSE","0","False"
"COD3","Aaron Wan-Bissaka","RD Congo","Base","Selecciones","831","FALSE","0","False"
"COD4","Axel Tuanzebe","RD Congo","Base","Selecciones","832","FALSE","0","False"
"COD5","Arthur Masuaku","RD Congo","Base","Selecciones","833","FALSE","0","False"
"COD6","Chancel Mbemba","RD Congo","Base","Selecciones","834","FALSE","0","False"
"COD7","Joris Kayembe","RD Congo","Base","Selecciones","835","FALSE","0","False"
"COD8","Charles Pickel","RD Congo","Base","Selecciones","836","FALSE","0","False"
"COD9","Ngal'ayel Mukau","RD Congo","Base","Selecciones","837","FALSE","0","False"
"COD10","Edo Kayembe","RD Congo","Base","Selecciones","838","FALSE","0","False"
"COD11","Samuel Moutoussamy","RD Congo","Base","Selecciones","839","FALSE","0","False"
"COD12","Noah Sadiki","RD Congo","Base","Selecciones","840","FALSE","0","False"
"COD13","Foto de equipo","RD Congo","Base","Selecciones","841","FALSE","0","False"
"COD14","Théo Bongonda","RD Congo","Base","Selecciones","842","FALSE","0","False"
"COD15","Meschak Elia","RD Congo","Base","Selecciones","843","FALSE","0","False"
"COD16","Yoane Wissa","RD Congo","Base","Selecciones","844","FALSE","0","False"
"COD17","Brian Cipenga","RD Congo","Base","Selecciones","845","FALSE","0","False"
"COD18","Fiston Mayele","RD Congo","Base","Selecciones","846","FALSE","0","False"
"COD19","Cédric Bakambu","RD Congo","Base","Selecciones","847","FALSE","0","False"
"COD20","Nathanaël Mbuku","RD Congo","Base","Selecciones","848","FALSE","0","False"
"UZB1","Escudo del equipo","Uzbekistán","FOIL","Selecciones","849","FALSE","0","False"
"UZB2","Utkir Yusupov","Uzbekistán","Base","Selecciones","850","FALSE","0","False"
"UZB3","Farrukh Saifiev","Uzbekistán","Base","Selecciones","851","FALSE","0","False"
"UZB4","Sherzod Nasrullaev","Uzbekistán","Base","Selecciones","852","FALSE","0","False"
"UZB5","Umar Eshmurodov","Uzbekistán","Base","Selecciones","853","FALSE","0","False"
"UZB6","Husniddin Aliqulov","Uzbekistán","Base","Selecciones","854","FALSE","0","False"
"UZB7","Rustamjon Ashurmatov","Uzbekistán","Base","Selecciones","855","FALSE","0","False"
"UZB8","Khojiakbar Alijonov","Uzbekistán","Base","Selecciones","856","FALSE","0","False"
"UZB9","Abdukodir Khusanov","Uzbekistán","Base","Selecciones","857","FALSE","0","False"
"UZB10","Odiljon Hamrobekov","Uzbekistán","Base","Selecciones","858","FALSE","0","False"
"UZB11","Otabek Shukurov","Uzbekistán","Base","Selecciones","859","FALSE","0","False"
"UZB12","Jamshid Iskanderov","Uzbekistán","Base","Selecciones","860","FALSE","0","False"
"UZB13","Foto de equipo","Uzbekistán","Base","Selecciones","861","FALSE","0","False"
"UZB14","Azizbek Turgunboev","Uzbekistán","Base","Selecciones","862","FALSE","0","False"
"UZB15","Khojimat Erkinov","Uzbekistán","Base","Selecciones","863","FALSE","0","False"
"UZB16","Eldor Shomurodov","Uzbekistán","Base","Selecciones","864","FALSE","0","False"
"UZB17","Oston Urunov","Uzbekistán","Base","Selecciones","865","FALSE","0","False"
"UZB18","Jaloliddin Masharipov","Uzbekistán","Base","Selecciones","866","FALSE","0","False"
"UZB19","Igor Sergeev","Uzbekistán","Base","Selecciones","867","FALSE","0","False"
"UZB20","Abbosbek Fayzullaev","Uzbekistán","Base","Selecciones","868","FALSE","0","False"
"COL1","Escudo del equipo","Colombia","FOIL","Selecciones","869","FALSE","0","False"
"COL2","Camilo Vargas","Colombia","Base","Selecciones","870","FALSE","0","False"
"COL3","David Ospina","Colombia","Base","Selecciones","871","FALSE","0","False"
"COL4","Dávinson Sánchez","Colombia","Base","Selecciones","872","FALSE","0","False"
"COL5","Yerry Mina","Colombia","Base","Selecciones","873","FALSE","0","False"
"COL6","Daniel Muñoz","Colombia","Base","Selecciones","874","FALSE","0","False"
"COL7","Johan Mojica","Colombia","Base","Selecciones","875","FALSE","0","False"
"COL8","Jhon Lucumí","Colombia","Base","Selecciones","876","FALSE","0","False"
"COL9","Santiago Arias","Colombia","Base","Selecciones","877","FALSE","0","False"
"COL10","Jefferson Lerma","Colombia","Base","Selecciones","878","FALSE","0","False"
"COL11","Kevin Castaño","Colombia","Base","Selecciones","879","FALSE","0","False"
"COL12","Richard Ríos","Colombia","Base","Selecciones","880","FALSE","0","False"
"COL13","Foto de equipo","Colombia","Base","Selecciones","881","FALSE","0","False"
"COL14","James Rodríguez","Colombia","Base","Selecciones","882","FALSE","0","False"
"COL15","Juan Fernando Quintero","Colombia","Base","Selecciones","883","FALSE","0","False"
"COL16","Jorge Carrascal","Colombia","Base","Selecciones","884","FALSE","0","False"
"COL17","Jhon Arias","Colombia","Base","Selecciones","885","FALSE","0","False"
"COL18","Jhon Córdoba","Colombia","Base","Selecciones","886","FALSE","0","False"
"COL19","Luis Suárez","Colombia","Base","Selecciones","887","FALSE","0","False"
"COL20","Luis Díaz","Colombia","Base","Selecciones","888","FALSE","0","False"
"ENG1","Escudo del equipo","Inglaterra","FOIL","Selecciones","889","FALSE","0","False"
"ENG2","Jordan Pickford","Inglaterra","Base","Selecciones","890","FALSE","0","False"
"ENG3","John Stones","Inglaterra","Base","Selecciones","891","FALSE","0","False"
"ENG4","Marc Guéhi","Inglaterra","Base","Selecciones","892","FALSE","0","False"
"ENG5","Ezri Konsa","Inglaterra","Base","Selecciones","893","FALSE","0","False"
"ENG6","Trent Alexander-Arnold","Inglaterra","Base","Selecciones","894","FALSE","0","False"
"ENG7","Reece James","Inglaterra","Base","Selecciones","895","FALSE","0","False"
"ENG8","Dan Burn","Inglaterra","Base","Selecciones","896","FALSE","0","False"
"ENG9","Jordan Henderson","Inglaterra","Base","Selecciones","897","FALSE","0","False"
"ENG10","Declan Rice","Inglaterra","Base","Selecciones","898","FALSE","0","False"
"ENG11","Jude Bellingham","Inglaterra","Base","Selecciones","899","FALSE","0","False"
"ENG12","Cole Palmer","Inglaterra","Base","Selecciones","900","FALSE","0","False"
"ENG13","Foto de equipo","Inglaterra","Base","Selecciones","901","FALSE","0","False"
"ENG14","Morgan Rogers","Inglaterra","Base","Selecciones","902","FALSE","0","False"
"ENG15","Anthony Gordon","Inglaterra","Base","Selecciones","903","FALSE","0","False"
"ENG16","Phil Foden","Inglaterra","Base","Selecciones","904","FALSE","0","False"
"ENG17","Bukayo Saka","Inglaterra","Base","Selecciones","905","FALSE","0","False"
"ENG18","Harry Kane","Inglaterra","Base","Selecciones","906","FALSE","0","False"
"ENG19","Marcus Rashford","Inglaterra","Base","Selecciones","907","FALSE","0","False"
"ENG20","Ollie Watkins","Inglaterra","Base","Selecciones","908","FALSE","0","False"
"CRO1","Escudo del equipo","Croacia","FOIL","Selecciones","909","FALSE","0","False"
"CRO2","Dominik Livaković","Croacia","Base","Selecciones","910","FALSE","0","False"
"CRO3","Duje Caleta-Car","Croacia","Base","Selecciones","911","FALSE","0","False"
"CRO4","Josko Gvardiol","Croacia","Base","Selecciones","912","FALSE","0","False"
"CRO5","Josip Stanišić","Croacia","Base","Selecciones","913","FALSE","0","False"
"CRO6","Luka Vušković","Croacia","Base","Selecciones","914","FALSE","0","False"
"CRO7","Josip Sutalo","Croacia","Base","Selecciones","915","FALSE","0","False"
"CRO8","Kristijan Jakic","Croacia","Base","Selecciones","916","FALSE","0","False"
"CRO9","Luka Modrić","Croacia","Base","Selecciones","917","FALSE","0","False"
"CRO10","Mateo Kovacic","Croacia","Base","Selecciones","918","FALSE","0","False"
"CRO11","Martin Baturina","Croacia","Base","Selecciones","919","FALSE","0","False"
"CRO12","Lovro Majer","Croacia","Base","Selecciones","920","FALSE","0","False"
"CRO13","Foto de equipo","Croacia","Base","Selecciones","921","FALSE","0","False"
"CRO14","Mario Pasalic","Croacia","Base","Selecciones","922","FALSE","0","False"
"CRO15","Petar Sucic","Croacia","Base","Selecciones","923","FALSE","0","False"
"CRO16","Ivan Perišić","Croacia","Base","Selecciones","924","FALSE","0","False"
"CRO17","Marco Pasalic","Croacia","Base","Selecciones","925","FALSE","0","False"
"CRO18","Ante Budimir","Croacia","Base","Selecciones","926","FALSE","0","False"
"CRO19","Andrej Kramarić","Croacia","Base","Selecciones","927","FALSE","0","False"
"CRO20","Franjo Ivanovic","Croacia","Base","Selecciones","928","FALSE","0","False"
"GHA1","Escudo del equipo","Ghana","FOIL","Selecciones","929","FALSE","0","False"
"GHA2","Lawrence Ati-Zigi","Ghana","Base","Selecciones","930","FALSE","0","False"
"GHA3","Tariq Lamptey","Ghana","Base","Selecciones","931","FALSE","1","False"
"GHA4","Mohammed Salisu","Ghana","Base","Selecciones","932","FALSE","0","False"
"GHA5","Alidu Seidu","Ghana","Base","Selecciones","933","FALSE","0","False"
"GHA6","Alexander Djiku","Ghana","Base","Selecciones","934","FALSE","0","False"
"GHA7","Gideon Mensah","Ghana","Base","Selecciones","935","FALSE","0","False"
"GHA8","Caleb Yirenkyi","Ghana","Base","Selecciones","936","FALSE","0","False"
"GHA9","Abdul Fatawu Issahaku","Ghana","Base","Selecciones","937","FALSE","0","False"
"GHA10","Thomas Partey","Ghana","Base","Selecciones","938","FALSE","0","False"
"GHA11","Salis Abdul Samed","Ghana","Base","Selecciones","939","FALSE","0","False"
"GHA12","Kamaldeen Sulemana","Ghana","Base","Selecciones","940","FALSE","0","False"
"GHA13","Foto de equipo","Ghana","Base","Selecciones","941","FALSE","0","False"
"GHA14","Mohammed Kudus","Ghana","Base","Selecciones","942","FALSE","0","False"
"GHA15","Iñaki Williams","Ghana","Base","Selecciones","943","FALSE","0","False"
"GHA16","Jordan Ayew","Ghana","Base","Selecciones","944","FALSE","0","False"
"GHA17","André Ayew","Ghana","Base","Selecciones","945","FALSE","0","False"
"GHA18","Joseph Paintsil","Ghana","Base","Selecciones","946","FALSE","0","False"
"GHA19","Osman Bukari","Ghana","Base","Selecciones","947","FALSE","0","False"
"GHA20","Antoine Semenyo","Ghana","Base","Selecciones","948","FALSE","0","False"
"PAN1","Escudo del equipo","Panamá","FOIL","Selecciones","949","FALSE","0","False"
"PAN2","Orlando Mosquera","Panamá","Base","Selecciones","950","FALSE","0","False"
"PAN3","Luis Mejía","Panamá","Base","Selecciones","951","FALSE","0","False"
"PAN4","Fidel Escobar","Panamá","Base","Selecciones","952","FALSE","0","False"
"PAN5","Andrés Andrade","Panamá","Base","Selecciones","953","FALSE","0","False"
"PAN6","Michael Amir Murillo","Panamá","Base","Selecciones","954","FALSE","0","False"
"PAN7","Eric Davis","Panamá","Base","Selecciones","955","FALSE","0","False"
"PAN8","José Córdoba","Panamá","Base","Selecciones","956","FALSE","0","False"
"PAN9","César Blackman","Panamá","Base","Selecciones","957","FALSE","0","False"
"PAN10","Cristian Martínez","Panamá","Base","Selecciones","958","FALSE","0","False"
"PAN11","Aníbal Godoy","Panamá","Base","Selecciones","959","FALSE","0","False"
"PAN12","Adalberto Carrasquilla","Panamá","Base","Selecciones","960","FALSE","0","False"
"PAN13","Foto de equipo","Panamá","Base","Selecciones","961","FALSE","0","False"
"PAN14","Édgar Bárcenas","Panamá","Base","Selecciones","962","FALSE","0","False"
"PAN15","Carlos Harvey","Panamá","Base","Selecciones","963","FALSE","0","False"
"PAN16","Ismael Díaz","Panamá","Base","Selecciones","964","FALSE","0","False"
"PAN17","José Fajardo","Panamá","Base","Selecciones","965","FALSE","0","False"
"PAN18","Cecilio Waterman","Panamá","Base","Selecciones","966","FALSE","0","False"
"PAN19","José Luis Rodríguez","Panamá","Base","Selecciones","967","FALSE","0","False"
"PAN20","Alberto Quintero","Panamá","Base","Selecciones","968","FALSE","0","False"
"FWC9","Italia 1934","Especial","FOIL","Historia del Mundial","969","FALSE","0","False"
"FWC10","Uruguay 1950","Especial","FOIL","Historia del Mundial","970","FALSE","0","False"
"FWC11","Alemania Occidental 1954","Especial","FOIL","Historia del Mundial","971","FALSE","0","False"
"FWC12","Brasil 1962","Especial","FOIL","Historia del Mundial","972","FALSE","0","False"
"FWC13","Alemania Occidental 1974","Especial","FOIL","Historia del Mundial","973","FALSE","0","False"
"FWC14","Argentina 1986","Especial","FOIL","Historia del Mundial","974","FALSE","0","False"
"FWC15","Brasil 1994","Especial","FOIL","Historia del Mundial","975","FALSE","0","False"
"FWC16","Brasil 2002","Especial","FOIL","Historia del Mundial","976","FALSE","0","False"
"FWC17","Italia 2006","Especial","FOIL","Historia del Mundial","977","FALSE","0","False"
"FWC18","Alemania 2014","Especial","FOIL","Historia del Mundial","978","FALSE","0","False"
"FWC19","Argentina 2022","Especial","FOIL","Historia del Mundial","979","FALSE","0","False"
